Alimento,Medida Caseira,Peso (g)
ABACAXI,Fatia grande,190.0
ABACAXI,Fatia média,75.0
ABACAXI,Fatia pequena,50.0
ABACAXI,Unidade média,750.0
ABACAXI,Unidade pequena,480.0
ABACAXI EM CALDA,Fatia média,64.0
ABACAXI EM CALDA,Fatia pequena,30.0
BOBORA COZIDA,Colher de sopa cháeia picado(a),25.0
BOBORA COZIDA,Colher de sopa rasa picado(a),16.0
ESC M CH PICADA,Escumadeira média rasa picado(a),70.0
ESC M CH PICADA,Pedaço médio,50.0
ESC M CH PICADA,Pedaço pequeno,30.0
ESC M CH PICADA,Colher de sopa cháeia picado(a),30.0
ESC M CH PICADA,Colher de sopa rasa picado(a),20.0
ESC M CH PICADA,Escumadeira média cháeia picado(a),105.0
ESC M CH PICADA,Colher de arroz cháeia picado(a),70.0
ESC M CH PICADA,Colher de arroz rasa picado(a),35.0
ABOBRINHAREFOGADA,Colher de arroz cháeia picado(a),70.0
ABOBRINHAREFOGADA,Colher de arroz rasa picado(a),35.0
ABOBRINHAREFOGADA,Colher de sopa cháeia picado(a),30.0
ABOBRINHAREFOGADA,Colsrpicada,20.0
ABOBRINHAREFOGADA,Escumadeira média rasa picado(a),40.0
ACELGA,Colher de arroz cháeia picado(a),10.0
ACELGA,Colher de sopa cháeia picado(a),6.0
ACELGA,Folha grande,20.0
ACELGA,Folha média,10.0
ACELGA,Folha pequena,30.0
ACELGA,Prato raso R Picada,60.0
ACEROLA,Unidade,12.0
ACUW MASCAVO,Col Caféé Ch,23.0
ACUW MASCAVO,Col Caféé R,10.0
ACUW MASCAVO,Colher de cháá cháeia,4.0
ACUW MASCAVO,Colher de cháá rasa,2.5
ACUW MASCAVO,Colher de sopa cháeia,19.0
ACUW MASCAVO,Colher de sopa rasa,11.0
ACUW MASCAVO,Colher de sobremesa rasa,7.0
ACUW MASCAVO,X Caféé Ch,56.0
ADES ORIGINAL,Copo duplo (240ml) (240ml),240.0
ADES ORIGINAL,Copo pequeno (165ml),165.0
ADES ORIGINAL,Unidade,250.0
AGRIAO,Pires Ch Picado,10.0
AGRIAO,Prato de sobremesa Ch Picado,20.0
AGRIAO,Ramo M,5.0
AGRIAO REFOGADO,Colher de arroz rasa,35.0
AGRIAO REFOGADO,Colher de sopa cháeia,25.0
AGRIAO REFOGADO,Garfada,300.0
AGUA DE COCO,Copo duplo (240ml) (240ml),240.0
AGUARDENTE,Dose,50.0
AIPIM COZIDO,Colher de sopa cháeia picado(a),30.0
AIPIM COZIDO,Colher de sopa rasa picado(a),20.0
AIPIM COZIDO,Pedaço grande,180.0
AIPIM FRITO,Colher de arroz cháeia picado(a),60.0
AIPIM FRITO,Colher de arroz rasa picado(a),35.0
AIPIM FRITO,Escumadeira média cháeia picado(a),95.0
AIPIM FRITO,Escumadeira média rasa picado(a),65.0
AIPIM FRITO,Pedaço grande,155.0
AIPIM FRITO,Pedaço pequeno,350.0
ALFACE,Colher de sopa cháeia picado(a),25.0
ALFACE,Folha grande,15.0
ALFACE,Folha média,100.0
ALFACE,Pires Ch Picada,200.0
ALFACE,Pt Rchá Picada,800.0
ALFACE,Unidade grande,400.0
ALFACE,Unidade média,200.0
ALFACE,Unidade pequena,130.0
ALL BRAN KELLOGG S,Caixa,250.0
ALL BRAN KELLOGG S,Copo duplo (240ml) (240ml),83.0
AI MONDIGA,Unidade média,500.0
AI MONDIGA,Unidade pequena,30.0
LIGHT SADIA,Caixa Com,20.0
LIGHT SADIA,Unidade,250.0
LIGHT SADIA,Unidade grande,520.0
LIGHT SADIA,Unidade média,42.0
LIGHT SADIA,Unidade pequena,34.0
AMEIXA SECA,Unidade média,5.0
AMEIXA VERMELHA,Unidade média,16.0
AMENDOA,Unidade,10.0
CARAMELIZADO,Pacote P,200.0
TORRADO COM SAL,Canudo,350.0
TORRADO COM SAL,Cols,170.0
TORRADO COM SAL,Pacote P,50.0
TORRADO COM SAL,Punhado,300.0
TORRADO COM SAL,Unidade,8.0
ANGU,Concháa média cháeia,150.0
ANGU,Colher de arroz cháeia,60.0
ANGU,Colher de sopa cháeia,35.0
ANGU,Pedaço grande,200.0
ANGU,Pedaço médio,1500.0
ARROZ A GREGA,Colher de arroz cháeia,45.0
ARROZ A GREGA,Colher de arroz rasa,30.0
ARROZ A GREGA,Colher de sopa cháeia,25.0
ARROZ A GREGA,Colher de sopa rasa,15.0
ARROZ A GREGA,Escumadeira média cháeia,85.0
ARROZ A GREGA,Escumadeira média rasa,60.0
CO M CH,Colher de arroz cháeia,45.0
CO M CH,Colher de arroz rasa,30.0
CO M CH,Colher de sopa cháeia,25.0
CO M CH,Colher de sopa rasa,15.0
CO M CH,Escumadeira média rasa,60.0
CO M CH,Ptfchá,200.0
ARROZ DOCE,Concháa média cháeia,140.0
ARROZ DOCE,Colher de arroz cháeia,90.0
ARROZ DOCE,Colher de arroz rasa,50.0
ARROZ DOCE,Colher de sopa cháeia,25.0
ARROZ DOCE,Colher de sopa rasa,25.0
ARROZ DOCE,Colher de sobremesa rasa,15.0
ARROZ DOCE,Pires,1200.0
ARROZ DOCE,Prato raso,400.0
ARROZ DOCE,Prato de sobremesa,280.0
ARROZ INTEGRAL COZIDO,Colher de sopa cheia,20.0
ARROZ INTEGRAL COZIDO,Colher de sopa rasa,12.0
ARROZ INTEGRAL COZIDO,Colher de arroz cheia,63.0
ARROZ INTEGRAL COZIDO,Colher de arroz rasa,43.0
ARROZ INTEGRAL COZIDO,Escumadeira média cheia,59.0
ARROZ INTEGRAL COZIDO,Escumadeira média rasa,31.0
ARROZ INTEGRAL COZIDO,Concha média cheia,117.0
ASPARGO EM CONSERVA,Unidade média,75.0
ATUM EM CONSERVA,Colher de sopa cháeia,16.0
ATUM EM CONSERVA,Colher de sopa rasa,11.0
ATUM EM CONSERVA,Colher de sobremesa rasa,15.0
AVEIA EM FLOCOS,Colher de cháá cháeia,5.0
AVEIA EM FLOCOS,Colher de cháá rasa,15.0
AVEIA EM FLOCOS,Colher de sopa cháeia,15.0
AVEIA EM FLOCOS,Colher de sopa rasa,25.0
AVEIA EM FLOCOS,Colher de sobremesa rasa,15.0
AVEIA FARINHA,Colher de cháá cháeia,4.0
AVEIA FARINHA,Colcháár V,673.0
AVEIA FARINHA,Colher de sopa cháeia,18.0
AVEIA FARINHA,Colher de sopa rasa,25.0
AVEIA FARINHA,Colher de sobremesa cháeia,8.0
AVELA,Punhado,250.0
AVELA,Unidade,10.0
AZEITE DE DENDE,Col Chá,20.0
AZEITE DE DENDE,Cols,80.0
AZEITE DE DENDE,Col Sob,50.0
AZEITONA,Unidade média,30.0
BABA DE MOCA,Colher de arroz cháeia,50.0
BABA DE MOCA,Colher de cháá cháeia,12.0
BABA DE MOCA,Colher de sopa cháeia,30.0
BABA DE MOCA,Porção,90.0
BACALHAU COZIDO,Colher de arroz cháeia,55.0
BACALHAU COZIDO,Colher de arroz rasa,40.0
BACALHAU COZIDO,Colher de sopa rasa,15.0
BACALHAU COZIDO,Escumadeira média cháeia,60.0
BACALHAU COZIDO,Escumadeira média rasa,48.0
BACALHAU COZIDO,Pedaço grande,220.0
BACALHAU COZIDO,Pedaço médio,1350.0
BACALHAU COZIDO,Pedaço pequeno,70.0
BACON,Fatia média,150.0
BACON,Unidade,50.0
BACON,Unidade grande,1500.0
BANANA D AGUA,Unidade grande,90.0
BANANA D AGUA,Unidade média,700.0
BANANA D AGUA,Unidade pequena,400.0
BANANA DA TERRA FRITA,Fatia grande,42.0
BANANA DA TERRA FRITA,Fatia média,310.0
BANANA DA TERRA FRITA,Fatia pequena,150.0
FRITA C AC,Fatia grande,48.0
FRITA C AC,Fatia média,350.0
FRITA C AC,Fatia pequena,170.0
BANANA PRATA,Unidade grande,55.0
BANANA PRATA,Unidade média,40.0
BANANA PRATA,Unidade pequena,300.0
BANANADA,Unidade grande,50.0
BANANADA,Unidade média,40.0
BARQUETE DE LEGUMES,Unidade média,22.0
BATATA BAROA COZIDA,Colher de arroz rasa picado(a),35.0
BATATA BAROA COZIDA,Colher de sopa cháeia picado(a),35.0
BATATA BAROA COZIDA,Colher de sopa rasa picado(a),15.0
BATATA BAROA COZIDA,Pedaço grande,75.0
BATATA BAROA COZIDA,Pedaço médio,50.0
BATATA BAROA COZIDA,Unidade grande,580.0
BATATA BAROA COZIDA,Unidade média,140.0
BATATA BAROA COZIDA,Fatia grande,90.0
BATATA DOCE FRITA,Fig,840.0
BATATA DOCE FRITA,Fatia pequena,30.0
BATATA DOCE FRITA,Pacote M,135.0
BATATA DOCE FRITA,Pacotep,720.0
BATATA DOCE FRITA,Punhado,12.8
BATATA DOCE FRITA,Unidade,13.0
BATATA DOCE FRITA,Colher de sopa cháeia picado(a),30.0
BATATA DOCE FRITA,Unidade média,140.0
BATATA DOCE FRITA,Colher de arroz cháeia,50.0
BATATA DOCE FRITA,Escumadeira média cháeia,65.0
I PORCQO P,Colher de arroz cháeia,75.0
I PORCQO P,Colher de arroz rasa,60.0
I PORCQO P,Colher de sopa cháeia,25.0
I PORCQO P,Colher de sopa rasa,20.0
I PORCQO P,Escumadeira média cháeia,125.0
I PORCQO P,Escumadeira média rasa,75.0
BERINJELA FRITA,Fatia grande,350.0
BERINJELA FRITA,Fatia média,200.0
BERINJELA FRITA,Fatia pequena,10.0
BERINJELA FRITA,Rodela grande,20.0
BERINJELA FRITA,Rodela média,13.0
BERINJELA FRITA,Rodela pequena,5.0
BERINJELA FRITA,Colher de sopa cháeia,25.0
BETERRABA,Colher de sopa cháeia ralado(a),16.0
BETERRABA,Unidade média,140.0
BETERRABA,Unidade pequena,800.0
BETERRABA COZIDA,Colher de arroz cháeia picado(a),38.0
BETERRABA COZIDA,Colher de sopa cháeia picado(a),20.0
BETERRABA COZIDA,Colher de sopa rasa picado(a),14.0
BETERRABA COZIDA,Escumadeira média rasa picado(a),45.0
BETERRABA COZIDA,Fatia grande,260.0
BETERRABA COZIDA,Fatia média,120.0
BETERRABA COZIDA,Fatia pequena,60.0
BETERRABA COZIDA,Unidade grande,335.0
BETERRABA COZIDA,Unidade média,1250.0
BETERRABA COZIDA,Unidade pequena,750.0
BIFE,Unidade grande,150.0
BIFE A MILANESA,Unidade grande,1100.0
BIFE A MILANESA,Unidade média,80.0
BIFE A MILANESA,Unidade pequena,55.0
BIFE DE FIGADO,Unidade grande,150.0
BIFE ROLE,Unidade grande,1500.0
BIFE ROLE,Unidade pequena,80.0
BIFE ROLE,Cxa,150.0
BIFE ROLE,Unidade,7.5
BIFE ROLE,Pacote,200.0
BISCOITO AMANTEIGADO,Pacote,90.0
BISCOITO AMANTEIGADO,Unidade,40.0
SAO LUIZ,Pacote,200.0
SAO LUIZ,Unidade,60.0
SAO LUIZ,Pacote M,55.0
SAO LUIZ,Punhado,90.0
BOLA,Pacoteg,160.0
BOLA,Punhado,60.0
PRESUNTO,Punhado,80.0
QUEIJO,Punhado,80.0
QUEIJO,Unidade,3.0
QUEIJO,Pacote,200.0
PACOTE BOLINHA PALITO,Pacote Rosca,40.0
PACOTE BOLINHA PALITO,Punhado Bolinha,70.0
CHOCOLATE,Pacote,200.0
CHOCOLATE,Unidade,13.0
CHOCOLATE,Colher de cháá cháeia,4.0
CHOCOLATE,Colcháár,25.0
CHOCOLATE,Colher de sopa cháeia,20.0
CHOCOLATE,Colher de sopa rasa,25.0
DE LEITE TOSTINES,Pacote,200.0
DE LEITE TOSTINES,Unidade,7.0
PARMALAT CHOCOLATE,Pacoteg,160.0
PARMALAT CHOCOLATE,Unidade,75.0
PARMALAT CHOCOLATE,Pacote G,160.0
BOBO DE CAMARAO,Concháa média cháeia,190.0
BOBO DE CAMARAO,Colher de sopa cháeia,28.0
BOBO DE CAMARAO,Prato fundo,320.0
BOBO DE CAMARAO,Prato raso,225.0
BOLINHA DE QUEIJO,Unidade pequena,10.0
CARNE,Unidade média,45.0
BOLINHO DE ARROZ,Unidade grande,60.0
BOLINHO DE ARROZ,Unidade média,40.0
BOLINHO DE BACALHAU,Unidade grande,60.0
IOI INNO DE VAGEM,Unidade média,200.0
BOLO SIMPLES,Fatia pequena,300.0
BOLO DE BANANA,Fatia grande,90.0
BOLO DE BANANA,Fatia média,70.0
BOLO DE BANANA,P,50.0
BOLO DE CENOURA,Fatia grande,100.0
BOLO DE CENOURA,Fatia pequena,30.0
DE CHOCOLATE,Fatia grande,175.0
BRIGADEIRO,Copo Caféezinho,50.0
CAFE SOLUVEL,Colher de cháá cháeia,15.0
CAJA MANGA,Unidade média,55.0
CAJA MANGA,Í Concháa média cháeia,130.0
CAMARAO,Unidade grande,30.0
CAMARAO FRITO,Colher de arroz cháeia,35.0
CAMARAO FRITO,Colher de sopa cháeia,20.0
CAMARAO FRITO,Unidade pequena,5.0
CAMARAO FRITO,Unidade grande,60.0
CAMARAO FRITO,Unidade média,45.0
CANELONE DE RICOTA,Unidade grande,40.0
CANELONE DE RICOTA,Unidade média,30.0
CANELONE DE RICOTA,Unidade pequena,20.0
CANJA,Concháa média cháeia,130.0
CANJA,Concháa pequena cháeia,60.0
CANJA,Prato fundo,520.0
CANJICA,Concháa média cháeia,120.0
CANJICA,Colher de sopa cháeia,25.0
CANJICA,Copo duplo (240ml) (240ml),240.0
CANJICA,Copopchá,180.0
CANJICA,Prato fundo,460.0
CANJICA,Prato raso,300.0
CAQUI,Unidade grande,150.0
CAQUI,Unidade média,110.0
CAQUI,Unidade pequena,85.0
CARNE ASSADA,Fatia grande,135.0
CARNE ASSADA,Fitp,75.0
CARNE ENSOPADA,Colher de sopa cháeia,30.0
CARNE ENSOPADA,Colher de sopa rasa,20.0
CARNE ENSOPADA,Pedaço médio,35.0
CARNE ENSOPADA,Pedaço pequeno,20.0
COM LEGUMES,Colher de arroz cháeia,70.0
COM LEGUMES,Colher de arroz rasa,45.0
COM LEGUMES,Colher de sopa cháeia,35.0
CARNE MOIDA,Colher de sopa cheia,30.0
CARNE MOIDA,Colher de sopa rasa,20.0
CARNE MOIDA,Colher de arroz cheia,50.0
CARNE MOIDA,Porção média,100.0
CARNE MOIDA,Porção grande,150.0
CARNE SECA,Colher de arroz cháeia picado(a),28.0
CARNE SECA,Colher de sopa cháeia picado(a),18.0
CARNE SECA,Pedaço grande,130.0
CARNE SECA,Pedaço médio,65.0
CARNE SECA,Pedaço pequeno,20.0
CARRE,Unidade grande,120.0
CARRE,Unidade média,90.0
CARRE,Unidade pequena,60.0
TORRADA,Punhado,40.0
TORRADA,Unidade média,25.0
TORRADA,Unidade,80.0
CASTANHA DO PARA,Unidade,4.0
CEBOLA,Colher de sopa cháeia picado(a),10.0
CEBOLA,Fatia grande,10.0
CEBOLA,Fatia média,6.0
CEBOLA,Fatia pequena,4.0
CEBOLA,Unidade grande,150.0
CEBOLA,Unidade média,70.0
CEBOLA,Unidade pequena,30.0
CENOURA,Colher de sopa cháeia ralado(a),12.0
CENOURA,Unidade grande,160.0
CENOURA,Unidade média,120.0
CENOURA,Unidade pequena,55.0
CENOURA,Colher de arroz cháeia picado(a),40.0
CENOURA,Colher de sopa cháeia picado(a),25.0
CENOURA,Colsrpicada,15.0
CENOURA,Escumadeira média rasa picado(a),48.0
CENOURA REFOGADA,Colher de sopa cháeia picado(a),25.0
CENOURA REFOGADA,Colher de sopa rasa picado(a),25.0
TOSTADO,Unidade,25.0
AVEIA E MEL,Unidade,25.0
BANANA NUTRY,Unidade,25.0
AVEIA BANANA E MEL,Unidade,25.0
TRIO LIGHT FRUTAS,Copo duplo (240ml) (240ml),240.0
TRIO LIGHT FRUTAS,Copo pequeno (165ml),165.0
TRIO LIGHT FRUTAS,Garrafa G,600.0
TRIO LIGHT FRUTAS,Lata,350.0
TRIO LIGHT FRUTAS,Tulipa,290.0
CHEESEBURGUER,Unidade,140.0
CHICKEN MCNUGGETS,Cxa,110.0
CHICKEN MCNUGGETS,Unidade,180.0
CHICORIA,Folhag,17.0
CHICORIA,Folha média,12.0
CHICORIA,Folhap,70.0
CHICORIA REFOGADA,Colher de arroz cháeia,76.0
CHICORIA REFOGADA,Colher de arroz rasa,38.0
CHICORIA REFOGADA,Colher de sopa cháeia,25.0
CHICORIA REFOGADA,Colher de sopa rasa,20.0
CHICORIA REFOGADA,Escumadeira média cháeia,136.0
CHICORIA REFOGADA,Escumadeira média rasa,90.0
CHOCO CROC SUPERBOM,Colher de sopa cháeia,5.5
CHOCO CROC SUPERBOM,Copo duplo (240ml) (240ml),47.0
CHOCO CROC SUPERBOM,Copo pequeno (165ml),36.0
CHOCO CROC SUPERBOM,Pacoteg,300.0
CHOCO CROC SUPERBOM,Punhado,13.0
KELLOGG S,Colher de sopa cháeia,25.0
KELLOGG S,Copo pequeno (165ml),350.0
KELLOGG S,Pacote G,320.0
KELLOGG S,Ptrchá,35.0
KELLOGG S,Punhado,60.0
KELLOGG S,Bombom,130.0
KELLOGG S,Copo duplo (240ml) (240ml),51.0
KELLOGG S,Pacotep,35.0
KELLOGG S,Fatia grande,90.0
KELLOGG S,Fatia média,70.0
KELLOGG S,Fatia pequena,45.0
KELLOGG S,Pacoteg,200.0
KELLOGG S,Pacote P,250.0
KELLOGG S,Medida,44.0
AMARGO NESTLE,Barra G,200.0
E CAJU NESTLE,Barrag,180.0
E CAJU NESTLE,Barra P,40.0
E CAJU NESTLE,Unidade,320.0
CHOCOLATE COM LEITE E,Barra P,300.0
CHOCOLATE COM LEITE E,Barra G,180.0
CHOCOLATE COM LEITE E,Bombom,95.0
NEGRO,Barra P,300.0
CHOCOLATE EM PO,Col Caféé Ch,20.0
CHOCOLATE EM PO,Colher de cháá cháeia,4.0
CHOCOLATE EM PO,Colher de cháá rasa,5.0
CHOCOLATE EM PO,Colher de sopa cháeia,15.0
CHOCOLATE EM PO,Colher de sopa rasa,10.0
CHOCOLATE EM PO,Pote,210.0
CHOCOLATE EM PO,Barra G,200.0
CHOCOLATE EM PO,Barra P,30.0
CHOCOLATE LAKA,Barra G,200.0
CHOCOLATE LAKA,Barra P,30.0
CHOCOLATE LAKA,Unidade,30.0
BRANCO,Colher de arroz cháeia,65.0
BRANCO,Escumadeira média cháeia,80.0
BRANCO,Colher de sopa rasa picado(a),15.0
BRANCO,Escumadeira média cháeia picado(a),110.0
BRANCO,Pedaço médio,30.0
BRANCO,Unidade grande,310.0
BRANCO,Unidade pequena,145.0
CHUCHU REFOGADO,Colher de sopa rasa picado(a),15.0
DE PANELA,Colher de sopa cháeia,25.0
DE PANELA,Colher de sopa rasa,15.0
COCA COLA,Copo pequeno (165ml),165.0
COCA COLA,Lata,350.0
COCADA,Unidade média,70.0
COCO DA BAIA,Pedaço grande,75.0
COCO DA BAIA,Pedaço médio,400.0
COCO DA BAIA,Pedaço pequeno,150.0
COCO DA BAIA,Unidade média,325.0
COCO RALADO INDUSTR,Colher de cháá cháeia,15.0
COCO RALADO INDUSTR,Colher de cháá rasa,10.0
COCO RALADO INDUSTR,Colher de sopa cháeia,25.0
COCO RALADO INDUSTR,Colher de sopa rasa,25.0
COCO RALADO INDUSTR,Colher de sobremesa rasa,15.0
COCO RALADO INDUSTR,Pacote,50.0
CONSERVA,Colher de arroz cháeia,40.0
CONSERVA,Colher de arroz rasa,33.0
CONSERVA,Colher de sopa cháeia,27.0
CONSERVA,Colher de sopa rasa,16.0
CONSERVA,Escumadeira média,75.0
CONSERVA,Unidade grande,50.0
CONSERVA,Unidade média,30.0
COM NUTRIFERRO,Colher de sopa cháeia,25.0
COM NUTRIFERRO,Copo duplo (240ml) (240ml),30.0
COM NUTRIFERRO,Copo pequeno (165ml),250.0
COM NUTRIFERRO,Pacoteg,200.0
COM NUTRIFERRO,Pacotep,200.0
COM NUTRIFERRO,Punhado,90.0
COM NUTRIFERRO,Pedaço grande,60.0
COM NUTRIFERRO,Pedaço médio,40.0
COM NUTRIFERRO,Pedaço pequeno,30.0
COM NUTRIFERRO,Unidade grande,40.0
COM NUTRIFERRO,Unidade média,250.0
COM NUTRIFERRO,Colsrpicada,10.0
COM NUTRIFERRO,Folha média,250.0
COM NUTRIFERRO,Folhap,170.0
COUVE FLOR A MILANESA,Ramo G,140.0
COUVE FLOR A MILANESA,Colher de sopa cháeia picado(a),25.0
COUVE FLOR A MILANESA,Colher de sopa rasa Picada,15.0
RAMO G,Ramo M,60.0
RAMO G,Unidade grande,800.0
COXINHA DE GALINHA,Unidade média,50.0
COXINHA DE GALINHA,Unidade pequena,25.0
COXINHA DE GALINHA,Gq/Cream Cracker,75.0
COXINHA DE GALINHA,Gqipão De Forma,150.0
COXINHA DE GALINHA,Gq/Pão Francês,150.0
COXINHA DE GALINHA,Mq/Cream Cracker,35.0
COXINHA DE GALINHA,Mq/Pão De Forma,90.0
COXINHA DE GALINHA,Mq/Pão Francês,90.0
COXINHA DE GALINHA,Pq/Cream Cracker,15.0
COXINHA DE GALINHA,Pq/Pão De Forma,40.0
COXINHA DE GALINHA,Pq/Pão Francês,40.0
DANUBIO,Gq/Cream Cracker,75.0
DANUBIO,Gq/Pão De Forma,150.0
DANUBIO,Gq/Pão Francês,150.0
DANUBIO,Mq/Cream Cracker,35.0
DANUBIO,Mq/Pão De Forma,90.0
DANUBIO,Mq/Pão Francês,90.0
DANUBIO,Pote,200.0
DANUBIO,Pq/Cream Cracker,15.0
DANUBIO,Pq/Pão De Forma,40.0
DANUBIO,Pq/Pão Francês,40.0
DANUBIO,Col,3.0
DANUBIO,Colher de sopa rasa,15.0
CASEIRO,Colher de cháá cháeia,5.0
CASEIRO,Colher de sopa cháeia,25.0
CASEIRO,Colher de sopa rasa,15.0
CREME DE ABACATE,Colher de sopa cháeia,25.0
CREME DE ABACATE,Copo duplo (240ml) (240ml),250.0
CREME DE ABACATE,Copo pequeno (165ml),180.0
CREME DE ABACATE,Copo Sorvete Ch,90.0
CREME DE ABACATE,Copo Sorvete R,700.0
CREME DE ABACATE,Prato fundo,750.0
CREME DE ABACATE,Prato raso,500.0
CREME DE ABACATE,Col Caféé Ch,40.0
CREME DE ABACATE,Col Caféé R,20.0
CREME DE ABACATE,Colher de cháá cháeia,8.0
CREME DE ABACATE,Colher de cháá rasa,4.0
CREME DE ABACATE,Colher de sopa rasa,20.0
CREME DE ABACATE,Embalagem Comercial,250.0
CREME DE ABACATE,Gq/Cream Cracker,70.0
CREME DE ABACATE,Gq/Pão De Forma,270.0
CREME DE ABACATE,Gq/Pão Francês,300.0
CREME DE ABACATE,Mq/Cream Cracker,40.0
CREME DE ABACATE,Mq/Pão De Forma,120.0
CREME DE ABACATE,Mq/Pão Francês,20.0
CREME DE ABACATE,Pq/Cream Cracker,20.0
CREME DE ABACATE,Pq/Pão De Forma,70.0
CREME DE ABACATE,Pq/Pão Francês,1060.0
CREME DE ESPINAFRE,Colher de arroz cháeia,76.0
CREME DE ESPINAFRE,Colher de arroz rasa,60.0
CREME DE ESPINAFRE,Í Colher de sopa cháeia,35.0
CREME DE ESPINAFRE,Colher de sopa rasa,25.0
CREME DE ESPINAFRE,Escumadeira média cháeia,114.0
CREME DE ESPINAFRE,Lata,300.0
CREME DE ESPINAFRE,Colher de sopa cháeia,33.0
MORANGO,Colher de cháá cháeia,4.0
MORANGO,Colcháár,25.0
MORANGO,Colher de sopa cháeia,20.0
MORANGO,Colher de sopa rasa,25.0
MORANGO,Unidade,1040.0
TRADICIONAL,Colher de cháá cháeia,4.0
TRADICIONAL,Colher de cháá rasa,5.0
TRADICIONAL,Colher de sopa cháeia,20.0
TRADICIONAL,Colher de sopa rasa,25.0
TRADICIONAL,Unidade grande,670.0
TRADICIONAL,Unidade média,400.0
CROQUETE DE CARNE,Unidade grande,55.0
CROQUETE DE CARNE,Unidade média,250.0
CROQUETE DE CARNE,Unidade pequena,100.0
CURRY,Col Chá,20.0
CURRY,Cols,90.0
CUSCUZ DE MILHO,Pedaço grande,200.0
CUSCUZ DE MILHO,Pedaço médio,135.0
CUSCUZ DE MILHO,Pedaço pequeno,85.0
COM LEITE,Pedaço grande,270.0
COM LEITE,Pedaço médio,180.0
COM LEITE,Pedaço pequeno,115.0
CUSCUZ DE TAPIOCA,Fatia grande,200.0
CUSCUZ DE TAPIOCA,Unidade,7.0
DANONINHO,Potinho,45.0
DANONINHO,Pote Maxi,65.0
DANONINHO,Potinho Maxi,65.0
NUTRICEREAIS,Potinho,45.0
NUTRICEREAIS,Unidade,200.0
DIET SHAKE BAUNILHA,Porção,30.0
DOBRADINHA,Colher de arroz rasa,45.0
DOBRADINHA,Colher de sopa cháeia,35.0
CALDA,Colher de sopa cháeia,25.0
CALDA,Unidade grande,300.0
CALDA,Unidade média,150.0
CALDA,Colher de sopa rasa,25.0
EM CALDA,Copo duplo (240ml) (240ml),240.0
EM CALDA,Copo pequeno (165ml),165.0
EM CALDA,Colher de sopa cháeia,5.0
DOCE DE LEITE,Barra M,35.0
DOCE DE LEITE,Col Caféé Ch,80.0
DOCE DE LEITE,Colher de cháá cháeia,12.0
DOCE DE LEITE,Colher de cháá rasa,8.0
DOCE DE LEITE,Colher de sopa cháeia,25.0
DOCE DE LEITE,Colher de sopa rasa,25.0
DOCE DE LEITE,Copo duplo (240ml) (240ml),270.0
DOCE DE LEITE,Porção M,50.0
DOCE DE MAMAO VERDE,Colher de cháá cháeia,12.0
DOCE DE MAMAO VERDE,Colher de sopa cháeia,25.0
DOCE DE MAMAO VERDE,Pires,150.0
DOCE DE MAMAO VERDE,Prato de sobremesa,250.0
DOCE DE NOZES,Colher de cháá cháeia,15.0
DOCE DE NOZES,Colher de sopa cháeia,25.0
EGGBURGUER,Unidade,175.0
EGGCHEESEBURGUER,Unidade,190.0
EMPADA,Unidade pequena,12.0
EMPADAO,Fatia média,110.0
DE SALSICHA,Unidade média,27.0
DE SALSICHA,Unidade pequena,18.0
COM CENOURA,Colher de sopa cháeia,25.0
COM CENOURA,Colher de sopa rasa,15.0
ERVILHA ENLATADA,Colher de arroz cháeia,38.0
ERVILHA ENLATADA,Colher de arroz rasa,27.0
ERVILHA ENLATADA,Colher de sopa rasa,16.0
ERVILHA ENLATADA,Colher de sopa cháeia,13.0
ERVILHA ENLATADA,Colher de sobremesa rasa,9.0
ERVILHA VAGEM COZIDA,Colher de sopa cháeia,30.0
REFOGADA,Colher de arroz cháeia,60.0
ESPINAFRE REFOGADO,Colher de sopa cháeia,25.0
ESPINAFRE REFOGADO,Copo duplo (240ml) (240ml),240.0
ESPINAFRE REFOGADO,Copo pequeno (165ml),165.0
ESPINAFRE REFOGADO,Garrafa M,290.0
ESPINAFRE REFOGADO,Lata,350.0
FARELO DE TRIGO,Col Caféé Ch,10.0
FARELO DE TRIGO,Colher de cháá cháeia,5.0
FARELO DE TRIGO,Colher de sopa cháeia Ú,25.0
FARELO DE TRIGO,Colher de sopa rasa,25.0
FARELO DE TRIGO,Colher de sopa cháeia,25.0
FARINHA DE ARROZ,Colher de cháá cháeia,4.0
FARINHA DE ARROZ,Colher de cháá rasa,5.0
FARINHA DE ARROZ,Colher de sopa cháeia,17.0
FARINHA DE ARROZ,Colher de sopa rasa,10.0
FARINHA DE MANDIOCA,Colher de cháá cháeia,5.0
FARINHA DE MANDIOCA,Colher de sopa cháeia,16.0
FARINHA DE MANDIOCA,Colher de sopa rasa,12.0
FARINHA DE ROSCA,Coes Ch,150.0
FARINHA DE ROSCA,Colher de sopa rasa,10.0
FARINHA DE ROSCA,Colher de sopa cháeia,10.0
FARINHA DE TRIGO,Colher de sopa cháeia,20.0
FARINHA LACTEA,Colher de sopa cháeia,20.0
FARINHA LACTEA,Colher de arroz cháeia,35.0
FARINHA LACTEA,Colher de arroz rasa,22.0
FARINHA LACTEA,Colher de cháá cháeia,5.0
FARINHA LACTEA,Colher de sopa rasa,10.0
FARINHA LACTEA,Escumadeira média cháeia,58.0
FARINHA LACTEA,Escumadeira média rasa,35.0
FAROFA COM LINGUICA,Colher de sopa cháeia,15.0
FAROFA COM LINGUICA,Colher de sopa rasa,10.0
FEIJAO BRANCO COZIDO,Concháa média cháeia,140.0
FEIJAO BRANCO COZIDO,Concháa média rasa,80.0
FEIJAO BRANCO COZIDO,Concháa pequena cháeia,65.0
FEIJAO BRANCO COZIDO,Concháa pequena rasa,40.0
FEIJAO BRANCO COZIDO,Colher de arroz cháeia,35.0
FEIJAO BRANCO COZIDO,Colher de sopa cháeia,17.0
FEIJOADA CASEIRA,Concháa média cháeia,225.0
FERMENTO EM PO,Colher de cháá cháeia,5.0
FERMENTO EM PO,Colher de sopa rasa,10.0
FLA DE CHOCOLATE,Unidade grande,45.0
FLA DE CHOCOLATE,Unidade média,300.0
FLA DE CHOCOLATE,Unidade pequena,250.0
FIGO,Unidade grande,70.0
FIGO,Unidade média,55.0
FIGO,Filég,190.0
FIGO,Filé M,140.0
FILEP,Postag,250.0
FILEP,Posta M,200.0
FILEP,Postap,150.0
PARDO,Asag,55.0
PARDO,Asam,40.0
PARDO,Asap,30.0
PARDO,Costelag,90.0
PARDO,Costela M,60.0
PARDO,Costelap,50.0
PARDO,Coxag,55.0
PARDO,Coxa M,40.0
PARDO,Coxap,30.0
PARDO,Peitog,270.0
PARDO,Peito M,180.0
PARDO,Peito P,140.0
PARDO,Pescoço G,15.0
PARDO,Pescoço M,10.0
PARDO,Pescoço P,80.0
PARDO,Sobrecoxa G,95.0
PARDO,Sobrecoxa M,65.0
PARDO,Sobrecoxa P,50.0
FRANGO ASSADO,Asag,55.0
FRANGO ASSADO,Asam,40.0
FRANGO ASSADO,Asap,30.0
FRANGO ASSADO,Colher de sopa cháeia,20.0
FRANGO ASSADO,Colher de sopa rasa,10.0
FRANGO ASSADO,Costelag,90.0
FRANGO ASSADO,Costela M,60.0
FRANGO ASSADO,Costelap,50.0
FRANGO ASSADO,Coxa G,55.0
FRANGO ASSADO,Coxa M,40.0
FRANGO ASSADO,Coxap,30.0
FRANGO ASSADO,Peito G,270.0
FRANGO ASSADO,Peito M,180.0
FRANGO ASSADO,Peito P,140.0
FRANGO ASSADO,Pescoço G,15.0
FRANGO ASSADO,Pescoço M,10.0
FRANGO ASSADO,Pescoço P,80.0
FRANGO ASSADO,Sobrecoxa G,95.0
FRANGO ASSADO,Sobrecoxa M,65.0
FRANGO ASSADO,Sobrecoxa P,50.0
FRANGO ASSADO,Unidade média,16.0
JFRANGO ENSOPADO,Asag,55.0
JFRANGO ENSOPADO,Asam,40.0
JFRANGO ENSOPADO,Asap,30.0
JFRANGO ENSOPADO,Colher de sopa cháeia,20.0
JFRANGO ENSOPADO,Colher de sopa rasa,10.0
JFRANGO ENSOPADO,Costelag,90.0
JFRANGO ENSOPADO,Costela M,60.0
JFRANGO ENSOPADO,Costelap,50.0
JFRANGO ENSOPADO,Coxa G,55.0
JFRANGO ENSOPADO,Coxam,40.0
JFRANGO ENSOPADO,Coxap,30.0
JFRANGO ENSOPADO,Peito G,270.0
JFRANGO ENSOPADO,Peito M,180.0
JFRANGO ENSOPADO,Peitop,1400.0
JFRANGO ENSOPADO,Pescoço G,150.0
JFRANGO ENSOPADO,Pescoço M,10.0
JFRANGO ENSOPADO,Pescoço P,80.0
JFRANGO ENSOPADO,Sobrecoxa G,95.0
JFRANGO ENSOPADO,Sobrecoxa M,650.0
JFRANGO ENSOPADO,Sobrecoxa P,50.0
JFRANGO ENSOPADO,Unidade média,160.0
FRANGO FRITO,Asag,550.0
FRANGO FRITO,Asam,400.0
FRANGO FRITO,Asap,300.0
FRANGO FRITO,Colher de sopa rasa,10.0
FRANGO FRITO,Costela G,90.0
FRANGO FRITO,Costela M,60.0
FRANGO FRITO,Costelap,500.0
FRANGO FRITO,Coxa G,550.0
FRANGO FRITO,Coxa M,40.0
FRANGO FRITO,Coxap,300.0
FRANGO FRITO,Filêg,170.0
FILE M,Filép,70.0
FILE M,Peito M,180.0
FILE M,Pescoço G,15.0
FILE M,Pescoço M,10.0
FILE M,Pescoço P,80.0
FILE M,Sobrecoxa G,95.0
FILE M,Sobrecoxa M,65.0
FILE M,Sobrecoxa P,500.0
FILE M,Unidade média,160.0
FRUTA DE CONDE,Unidade grande,190.0
FRUTA DE CONDE,Unidade média,600.0
FUBA,Colher de sopa cháeia,20.0
GELATINA EM FOLHA,Unidade,166.0
GELATINA PREPARADA,Colher de sopa cháeia,25.0
GELATINA PREPARADA,Unidade,1100.0
DIET LINEA,Colher de sopa cháeia,34.0
DIET LINEA,Colher de sopa rasa,22.0
DIET LINEA,Gq/Cream Cracker,80.0
DIET LINEA,Gq/Pão De Forma,180.0
DIET LINEA,Gq/Pão Francês,220.0
DIET LINEA,Mq/Cream Cracker,50.0
DIET LINEA,Mq/Pão Francês,130.0
DIET LINEA,Pq/Cream Cracker,10.0
DIET LINEA,Pq/Pão De Forma,70.0
DIET LINEA,Pq/Pão Francês,50.0
DIET LINEA,Colher de cháá cháeia,9.0
DIET LINEA,Gqi/Cream Cracker Ex,8.0
DIET LINEA,Mq/Pão De Forma,11.0
DIET LINEA,Mqi/Pão Francês,13.0
GELEIA DE FRUTA,Copo duplo (240ml) (240ml),320.0
GELEIA DE FRUTA,Gqicream Cracker,80.0
GELEIA DE FRUTA,Gq/Pão De Forma,180.0
GELEIA DE FRUTA,Mq/Pão Francês,130.0
GELEIA DE FRUTA,Pq/Cream Cracker,10.0
GELEIA DE FRUTA,Pq/Pão De Forma,70.0
GELEIA DE FRUTA,Pq/Pão Francês,5.0
GELEIA DE FRUTA,Potinho,200.0
GELEIA DE MOCOTO,Colher de sopa cháeia,25.0
GELEIA DE MOCOTO,Colher de sopa rasa,25.0
GOIABA,Unidade média,170.0
GOIABADA,Colher de sopa cháeia,25.0
GOIABADA,Colher de sopa rasa,30.0
GOIABADA,Fatia grande,100.0
GOIABADA,Fatia média,60.0
GOIABADA,Fatia pequena,40.0
GRAO DE BICO COZIDO,Concháa média cháeia,120.0
GRAO DE BICO COZIDO,Col Aà Ch,45.0
GRAO DE BICO COZIDO,Lata,350.0
SANDUICHE,Unidade média,125.0
SANDUICHE,Unidade,85.0
INHAME COZIDO,Colher de arroz cháeia picado(a),62.0
INHAME COZIDO,Colher de arroz rasa picado(a),35.0
INHAME COZIDO,Colher de sopa rasa picado(a),22.0
INHAME COZIDO,Escumadeira média cháeia picado(a),110.0
INHAME COZIDO,Escumadeira média rasa picado(a),72.0
INHAME COZIDO,Pedaço médio,600.0
INHAME COZIDO,Unidade média,125.0
INHAME COZIDO,Unidade pequena,85.0
INHAME COZIDO,Colher de sopa cháeia picado(a),17.0
IOGURTE,Unidade média,200.0
IOGURTE,Unidade,120.0
DE PORCO,Colher de sopa cháeia,30.0
JACA,Bago,120.0
JACA,Lptr,300.0
JILO COZIDO,Colher de arroz rasa,60.0
JILO COZIDO,Escumadeira média rasa,80.0
JILO COZIDO,Unidade,300.0
JILO REFOGADO,Colher de sopa cháeia,25.0
JILO REFOGADO,Escumadeira média rasa,80.0
JILO REFOGADO,Unidade pequena,180.0
JILO REFOGADO,Cols,150.0
JILO REFOGADO,Col Sob,90.0
KETCHUP,Colher de sopa cháeia,20.0
KETCHUP,Colher de sopa rasa,11.0
KETCHUP,Kw,1000.0
KETCHUP,Unidade média,760.0
KETCHUP,Unidade grande,290.0
KETCHUP,Unidade pequena,90.0
LASANHA A BOLONHESA,Colher de arroz cháeia,50.0
LASANHA A BOLONHESA,Colher de sopa cháeia,25.0
LASANHA A BOLONHESA,Escumadeira média cháeia,170.0
LASANHA A BOLONHESA,Pedaço grande,250.0
LASANHA A BOLONHESA,Pedaço médio,190.0
LASANHA A BOLONHESA,Pedaço pequeno,1200.0
LASANHA A BOLONHESA,Porção,500.0
LASANHA A BOLONHESA,Copo duplo (240ml) (240ml),240.0
LASANHA A BOLONHESA,Copo pequeno (165ml),165.0
LEITE CONDENSADO,Cola,200.0
LEITE CONDENSADO,Col Caféé,10.0
LEITE CONDENSADO,Col Chá,2.0
LEITE CONDENSADO,Cols,15.0
LEITE CONDENSADO,Col Sob,10.0
LEITE CONDENSADO,Lata,395.0
FRIALP,Colher de sopa cháeia,14.0
FRIALP,Colher de sopa rasa,25.0
EM PO SCABRA,Colher de sopa cháeia,14.0
EM PO SCABRA,Colher de sobremesa rasa,15.0
INDUSTR,Garrafa P,200.0
DESNATADO,Copo pequeno (165ml),165.0
WDESENGORDURADO,Colher de sopa rasa,25.0
PASTEURIZADO,Copo duplo (240ml) (240ml),240.0
PASTEURIZADO,Copo pequeno (165ml),165.0
COM ABACATE,Copo duplo (240ml) (240ml),240.0
COM BANANA,Copo duplo (240ml) (240ml),240.0
COM BANANA,Copo pequeno (165ml),165.0
COM FRUTA E CEREAL,Copo duplo (240ml) (240ml),240.0
COMMACAEBANANA,Copo duplo (240ml) (240ml),240.0
COMMACAEBANANA,Copo pequeno (165ml),165.0
COM MAMAO,Copo duplo (240ml) (240ml),240.0
COM MAMAO,Copo pequeno (165ml),165.0
LENTILHA COZIDA,Concháa média cháeia,160.0
COMR,Cola,32.0
COMR,Cols,18.0
LEVEDO DE CERVEJA,Colher de cháá cháeia,6.0
LEVEDO DE CERVEJA,Colher de cháá rasa,3.0
LEVEDO DE CERVEJA,Colher de sopa rasa,18.0
LICOR,Cálice,40.0
LIMONADA,Copo duplo (240ml) (240ml),240.0
ENSOPADA,Fatia média,300.0
ENSOPADA,Unidade,40.0
ENSOPADA,Colher de arroz cháeia picado(a),36.0
ENSOPADA,Colher de sopa cháeia picado(a),15.0
ENSOPADA,Gomo,60.0
ENSOPADA,Unidade grande,200.0
ENSOPADA,Unidade média,1300.0
BOLONHESA,Colher de arroz cháeia,50.0
BOLONHESA,Colher de sopa cháeia,25.0
BOLONHESA,Escumadeira média cháeia,110.0
BOLONHESA,Pegador,1100.0
BOLONHESA,Pt Fchá,400.0
BOLONHESA,Ptfr,280.0
BOLONHESA,Ptrr,200.0
E OLEO,Colher de arroz cháeia,50.0
E OLEO,Colher de sopa cháeia,25.0
E OLEO,Escumadeira média cháeia,110.0
E OLEO,Escumadeira média rasa,75.0
E OLEO,Garfada,300.0
E OLEO,Pegador,1100.0
E OLEO,Prato fundo Ch,400.0
E OLEO,Ptfr,280.0
E OLEO,Ptrchá,320.0
E OLEO,Ptrr,200.0
E OLEO,Ptfchá,400.0
MACARRAO COZIDO,Colher de arroz cháeia,50.0
MACARRAO COZIDO,Colher de sopa cháeia,25.0
MACARRAO COZIDO,Escumadeira média cháeia,110.0
MACARRAO COZIDO,Escumadeira média rasa,75.0
MACARRAO COZIDO,Garfada,300.0
MACARRAO COZIDO,Pegador,1100.0
MACARRAO COZIDO,Pt Fchá,400.0
MACARRAO COZIDO,Ptfr,280.0
MACARRAO COZIDO,Ptrchá,320.0
MACARRAO COZIDO,Prato raso Ch/Parafuso,320.0
MACARRAO COZIDO,Ptrr,200.0
MAIONESE CASEIRA,Colher de arroz cháeia,50.0
MAIONESE CASEIRA,Colher de cháá cháeia,6.0
MAIONESE CASEIRA,Colher de cháá rasa,5.0
MAIONESE CASEIRA,Colher de sopa cháeia,27.0
MAIONESE CASEIRA,Colher de sopa rasa,17.0
MAIONESE CASEIRA,Gq/Cream Cracker,30.0
MAIONESE CASEIRA,Gq/Pão Forma,120.0
MAIONESE CASEIRA,Gq/Pão Francês,240.0
MAIONESE CASEIRA,Mq/Cream Cracker,20.0
MAIONESE CASEIRA,Mq/Pão De Forma,80.0
MAIONESE CASEIRA,Mq/Pão Francês,14.0
MAIONESE CASEIRA,Pq/Cream Cracker,10.0
MAIONESE CASEIRA,Pq/Pão De Forma,40.0
MAIONESE CASEIRA,Pq/Pão Francês,10.0
INDUSTRIALIZADA,Colher de arroz cháeia,50.0
INDUSTRIALIZADA,Colher de arroz rasa,35.0
INDUSTRIALIZADA,Colher de cháá cháeia,6.0
INDUSTRIALIZADA,Colher de cháá rasa,5.0
INDUSTRIALIZADA,Colher de sopa cháeia,27.0
INDUSTRIALIZADA,Colher de sopa rasa,17.0
INDUSTRIALIZADA,Colher de sobremesa rasa,12.0
INDUSTRIALIZADA,Gq/Cream Cracker,30.0
INDUSTRIALIZADA,Gq/Pão De Forma,120.0
INDUSTRIALIZADA,Gq/Pão Francês,24.0
INDUSTRIALIZADA,Mq/Cream Cracker,20.0
INDUSTRIALIZADA,Mqi/Pão De Forma,80.0
INDUSTRIALIZADA,Mqipão Francês,140.0
INDUSTRIALIZADA,Pqi/Cream Cracker,10.0
INDUSTRIALIZADA,Pq/Pão De Forma,40.0
INDUSTRIALIZADA,Pq/Pão Francês,10.0
INDUSTRIALIZADA,Cols Cii,20.0
MAMAO,Fatia grande,290.0
MAMAO,Fatia média,170.0
MAMAO PAPAYA,Colher de arroz cháeia picado(a),70.0
MAMAO PAPAYA,Colher de sopa cháeia picado(a),25.0
MAMAO PAPAYA,Unidade grande,530.0
MANGA,Espada M,1400.0
MANTEIGA COM SAL,Colher de cháá cháeia,8.0
MANTEIGA COM SAL,Col Chá N,20.0
MANTEIGA COM SAL,Colher de cháá rasa,4.0
MANTEIGA COM SAL,Colsn,70.0
MANTEIGA COM SAL,Colher de sopa rasa,19.0
MANTEIGA COM SAL,Colher de sopa cháeia,23.0
MANTEIGA COM SAL,Col Sob N,40.0
MANTEIGA COM SAL,Colher de sobremesa rasa,13.0
MANTEIGA COM SAL,Gq/Cream Cracker,40.0
MANTEIGA COM SAL,Cq/Pão De Forma,10.0
MANTEIGA COM SAL,Gq/Pão Francês,220.0
MANTEIGA COM SAL,Mq/Cream Cracker,20.0
MANTEIGA COM SAL,Mq/Pão De Forma,60.0
MANTEIGA COM SAL,Mq/Pão Francês,100.0
MANTEIGA COM SAL,Pq/Pão De Forma,50.0
MANTEIGA COM SAL,Pq/Pão Francês,60.0
UNDP,Colher de cháá cháeia,8.0
UNDP,Col Chá N,20.0
UNDP,Colher de sopa cháeia,33.0
UNDP,Colsn,70.0
UNDP,Colher de sopa rasa,19.0
UNDP,Col Sob N,4.0
UNDP,Gqi/Cream Cracker,40.0
UNDP,Gq/Pão De Forma,100.0
UNDP,Gq/Pão Francês,220.0
UNDP,Mqi/Cream Cracker,20.0
UNDP,Mq/Pão Francês,100.0
UNDP,Pq/Cream Cracker,10.0
UNDP,Pq/Pão De Forma,50.0
UNDP,Pq/Pão Francês,60.0
UNDP,Fatia média,60.0
UNDP,Fatia pequena,40.0
MASSA DE PASTEL FRITA,Unidade,170.0
MAXIXE COZIDO,Colher de arroz cháeia,75.0
MAXIXE COZIDO,Colher de arroz rasa,55.0
MAXIXE COZIDO,Colher de sopa cháeia,25.0
MAXIXE COZIDO,Colher de sopa rasa,25.0
MAXIXE COZIDO,Escumadeira média cháeia,130.0
MAXIXE COZIDO,Escumadeira média rasa,80.0
MAXIXE REFOGADO,Colher de arroz cháeia,75.0
MAXIXE REFOGADO,Colher de sopa rasa,25.0
MEL DE ABELHA,Cols,15.0
MEL DE ABELHA,Col Caféé,2.0
MEL DE ABELHA,Col Chá,3.0
MEL DE ABELHA,Col Sob,10.0
IMELANCIA,Fatia média,200.0
MELAO,Fatia grande,115.0
MELAO,Fatia média,90.0
MELAO,Fatia pequena,70.0
MELAO,Unidade média,660.0
MILHO VERDE ENLATADO,Colher de sopa cháeia,24.0
MILHO VERDE ENLATADO,Colher de sopa rasa,14.0
MINGAU,Cols,37.0
MINGAU,Col Sob,27.0
MINGAU,Copo duplo (240ml) (240ml),230.0
MINGAU,Ptfçh,375.0
MINGAU,Ptfr,200.0
MINGAU,Prato raso,195.0
MINGAU,Prato de sobremesa,105.0
MISTO QUENTE,Unidade,85.0
MIUDOS DE GALINHA,Moelag,27.0
MIUDOS DE GALINHA,Moela M,180.0
MIUDOS DE GALINHA,Moelap,140.0
MOLHO A BOLONHESA,Concháa pequena cháeia,63.0
MOLHO A BOLONHESA,Cola,35.0
MOLHO A BOLONHESA,Cols,22.0
MOLHO A BOLONHESA,Col Sob,14.0
MOLHO A CAMPANHA,Concháa pequena cháeia,80.0
MOLHO A CAMPANHA,Concháa pequena rasa,45.0
MOLHO A CAMPANHA,Colher de arroz cháeia,65.0
MOLHO A CAMPANHA,Colher de arroz rasa,40.0
MOLHO A CAMPANHA,Colher de sopa rasa,16.0
MOLHO A CAMPANHA,Colher de sopa cháeia,18.0
MOLHO A CAMPANHA,Cols,35.0
MOLHO A CAMPANHA,Cola,45.0
MOLHO A CAMPANHA,Col Chá,10.0
MOLHO ROQUEFORT,Unidade grande,20.0
MOLHO ROQUEFORT,Unidade média,120.0
MOLHO ROQUEFORT,Fatia grande,25.0
CONDIMENTO,Colher de sopa cháeia,20.0
CONDIMENTO,Colher de sobremesa rasa,9.0
FOLHA COZIDA,Colher de arroz cháeia,75.0
FOLHA COZIDA,Colher de sopa cháeia,25.0
FOLHA COZIDA,Colher de sobremesa cháeia,18.0
PORCAO,Colher de cháá cháeia,5.0
PORCAO,Colher de sopa rasa,30.0
PORCAO,Colher de cháá rasa,5.0
NESCAU,Col Caféé Ch,20.0
NESCAU,Colher de cháá rasa,5.0
NESCAU,Colher de sopa cháeia,16.0
NESCAU,Colher de sopa rasa,11.0
NESCAU BEBIDA LACTEA,Unidade,200.0
NESCAU BEBIDA LACTEA,Col Caféé Ch,20.0
NESCAU BEBIDA LACTEA,Colher de cháá cháeia,4.0
NESCAU BEBIDA LACTEA,Colher de cháá rasa,5.0
NESCAU BEBIDA LACTEA,Colher de sopa cháeia,16.0
NESCAU BEBIDA LACTEA,Colher de sopa rasa,11.0
ALPINO BEBIDA LACTEA,Unidade,200.0
ALPINO BEBIDA LACTEA,Col Caféé Ch,20.0
ALPINO BEBIDA LACTEA,Colher de cháá cháeia,4.0
ALPINO BEBIDA LACTEA,Colher de cháá rasa,5.0
ALPINO BEBIDA LACTEA,Colher de sopa cháeia,16.0
ALPINO BEBIDA LACTEA,Colher de sopa rasa,11.0
NESPERA,Unidade grande,400.0
NESPERA,Unidade média,27.0
NESPERA,Medida,48.0
SOJA PO,Medida,48.0
RECONSTITUIDO,Copo duplo (240ml) (240ml),240.0
RECONSTITUIDO,Colher de sopa cháeia,12.0
RECONSTITUIDO,Colher de sopa rasa,7.0
NESTON,Colher de cháá cháeia,5.0
NESTON,Colher de cháá rasa,10.0
NESTON,Colher de sopa cháeia,25.0
NESTON,Colher de sopa rasa,25.0
NESTON,Colher de sobremesa cháeia,15.0
NHOQUE,Colher de arroz cháeia,70.0
NHOQUE,Colher de sopa cháeia,30.0
NHOQUE,Colher de sopa rasa,20.0
ESC M CH,Escumadeira média rasa,60.0
ESC M CH,Pedaço grande,1200.0
ESC M CH,Pedaço médio,90.0
ESC M CH,Pedaço pequeno,700.0
BEBIDA LACTEA,Unidade,200.0
BEBIDA LACTEA,Colher de cháá cháeia,5.0
BEBIDA LACTEA,Colher de cháá rasa,5.0
BEBIDA LACTEA,Colher de sopa cháeia,15.0
BEBIDA LACTEA,Colher de sopa rasa,25.0
CHOCOLATE PO,Colher de cháá cháeia,5.0
CHOCOLATE PO,Colher de cháá rasa,5.0
CHOCOLATE PO,Colher de sopa cháeia,15.0
CHOCOLATE PO,Colher de sopa rasa,25.0
CHOCOLATE PO,Punhado,300.0
OLEO VEGETAL,Col Caféé,10.0
OLEO VEGETAL,Col Chá,20.0
OLEO VEGETAL,Cols,80.0
OLEO VEGETAL,Col Sob,50.0
OVO DE CODORNA,Unidade,100.0
CLARA COZIDA,Fatia média,100.0
CLARA COZIDA,Unidade média,450.0
OVO DE GALINHA FRITO,Unidade média,50.0
GEMA COZIDA,Unidade média,150.0
OVO DE GALINHA MEXIDO,Colher de arroz cháeia,45.0
OVO DE GALINHA MEXIDO,Colher de arroz rasa,25.0
OVO DE GALINHA MEXIDO,Colher de sopa cháeia,15.0
OVO DE GALINHA MEXIDO,Colher de sopa rasa,25.0
OVO DE GALINHA MEXIDO,Escumadeira média rasa,45.0
OVO DE GALINHA MEXIDO,Col Caféé Ch,10.0
OVO DE GALINHA MEXIDO,Colher de sobremesa rasa,15.0
PACOCA,Unidade,30.0
PACOCA,Colher de sopa rasa picado(a),15.0
PAMONHA,Fatia média,45.0
PAMONHA,Fatia pequena,250.0
PANQUECA DE CARNE,Unidade média,80.0
PAO ARABE,Unidade grande,80.0
PAO DE HAMBURGUER,Unidade,70.0
PAO DE MILHO,Unidade média,70.0
JFAO DE QUEIJO,Unidade grande,40.0
JFAO DE QUEIJO,Unidade média,200.0
JFAO DE QUEIJO,Unidade pequena,10.0
JFAO DE QUEIJO,Unidade,50.0
PAO DE SAL,Bisnaga,200.0
AVEIA NESTLE BABY,Pote,155.0
NESTLE BABY,Pote,155.0
PASTA DE ATUM,Colher de cháá cháeia,9.0
PASTA DE ATUM,Colher de sopa cháeia,23.0
PASTA DE ATUM,Gq/Cream Cracker,130.0
PASTA DE ATUM,Gq/Pão De Forma,580.0
PASTA DE ATUM,Gq/Pão Francês,66.0
PASTA DE ATUM,Mq/Cream Cracker,80.0
PASTA DE ATUM,Mq/Pão De Forma,300.0
PASTA DE ATUM,Pq/Cream Cracker,40.0
PASTA DE ATUM,Pq/Pão De Forma,150.0
PASTA DE ATUM,Pq/Pão Francês,260.0
PASTA TOFU,Colher de cháá cháeia,5.0
PASTA TOFU,Colher de sopa cháeia,26.0
PASTA TOFU,Colher de sopa rasa,13.0
PASTA TOFU,Unidade média,320.0
PASTA TOFU,Unidade pequena,80.0
PASTEL DE FORNO,Unidade grande,400.0
PASTEL DE FORNO,Unidade pequena,100.0
PASTEL DE QUEIJO,Unidade média,250.0
PASTEL DE QUEIJO,Unidade pequena,100.0
PASTEL DE QUEIJO,Col Caféé Ch,35.0
PASTEL DE QUEIJO,Colher de cháá rasa,5.0
PASTEL DE QUEIJO,Colher de sopa cháeia,22.0
PASTEL DE QUEIJO,Colher de sopa rasa,17.0
PASTEL DE QUEIJO,Gq/Cream Cracker,70.0
PASTEL DE QUEIJO,Gq/Pão De Forma,200.0
PASTEL DE QUEIJO,Gq/Pão Francês,350.0
PASTEL DE QUEIJO,Mq/Cream Cracker,30.0
PASTEL DE QUEIJO,Mq/Pão De Forma,100.0
PASTEL DE QUEIJO,Mq/Pão Francês,150.0
PASTEL DE QUEIJO,Pq/Pão De Forma,5.0
PASTEL DE QUEIJO,Pqi/Pão Francês,80.0
PAVE DE AMENDOIM,Colher de sopa cháeia,22.0
PAVE DE AMENDOIM,Pedaço grande,180.0
PAVE DE AMENDOIM,Pedaço médio,1100.0
PAVE DE AMENDOIM,Pedaço pequeno,60.0
PAVE DE FRUTA,Colher de sopa cháeia,25.0
PAVE DE FRUTA,Colher de sopa rasa,15.0
PAVE DE FRUTA,Pedaço grande,1300.0
PAVE DE FRUTA,Pedaço médio,80.0
PAVE DE FRUTA,Pedaço pequeno,50.0
PE DE MOLEQUE,Unidade média,20.0
EIXEAESCAIECHE,Filé G,155.0
EIXEAESCAIECHE,Filé M,1200.0
PEIXE A MILANESA,Filég,150.0
PEIXE A MILANESA,Filé M,1150.0
PEIXE A MILANESA,Filép,90.0
PEIXE COZIDO,Colher de sopa cháeia picado(a),20.0
PEIXE COZIDO,Colher de sopa rasa picado(a),25.0
PEIXE COZIDO,Filé M,1200.0
FILE P,Posta G,250.0
FILE P,Posta M,200.0
FILE P,Postap,150.0
FILE P,Posta P,1500.0
FILE P,W Postap,150.0
PEIXE ENSOPADO,Filé G,155.0
PEIXE ENSOPADO,Filé M,120.0
PEIXE FRITO,Filég,155.0
PEPINO,Colher de sopa cháeia picado(a),18.0
PEPINO,Unidade média,100.0
PEPINO,Unidade grande,190.0
PERU,Fatia pequena,20.0
PESSEGO,Unidade grande,110.0
PESSEGO,Unidade média,60.0
PESSEGO,Unidade pequena,32.0
PICOLE ABACAXI KIBON,Unidade,59.0
PICOLE CHICABON,Unidade,63.0
PICOLE CHOKITO,Unidade,50.0
PICOLE CRUNCH,Unidade,58.0
NEGRO KIBON,Unidade,55.0
KIPOLPA MANGA,Unidade,61.0
TABLITO,Unidade,65.0
PICOLE MEGA CLASSICO,Unidade,710.0
AMARELAS,Unidade,730.0
PICOLE PRESTIGIO,Unidade,50.0
PIMENTAO,Colher de sopa cháeia picado(a),13.0
PIMENTAO,Colher de sopa rasa picado(a),25.0
PIMENTAO,Fatia grande,80.0
PIMENTAO,Fatia média,60.0
PIMENTAO,Fatia pequena,40.0
PIMENTAO,Unidade grande,87.0
PIMENTAO,Unidade média,550.0
PIMENTAO,Unidade pequena,380.0
PIPOCA COM SAL,Colher de sopa cháeia,20.0
PIPOCA COM SAL,Saco G,250.0
PIPOCA COM SAL,Saco M,200.0
PIPOCA COM SAL,Saco P,150.0
PIPOCA DOCE,Colher de sopa cháeia,20.0
PIPOCA DOCE,Saco G,250.0
PIPOCA DOCE,Saco M,200.0
PIPOCA DOCE,Saco P,150.0
PIRAO,Concháa média cháeia,165.0
PIRAO,Concháa média rasa,140.0
PIRAO,Prato fundo,500.0
PIRAO,Prato raso,300.0
PIZZA CALABREZA,Fatia grande,120.0
PIZZA CALABREZA,Fatia média,90.0
PIZZA CALABREZA,Fatia pequena,45.0
PIZZA DE PRESUNTO,Fatia grande,145.0
PIZZA DE PRESUNTO,Frm,110.0
PIZZA DE PRESUNTO,Fatia pequena,60.0
PIZZA PORTUGUESA,Fatia grande,160.0
PIZZA PORTUGUESA,Fatia média,125.0
PIZZA PORTUGUESA,Fatia pequena,65.0
POLVO REFOGADO,Colher de arroz cháeia,40.0
POLVO REFOGADO,Colher de sopa cháeia,22.0
POLVO REFOGADO,Escumadeira média cháeia,60.0
PRESUNTADA,Fatia média,15.0
PUDIM DE LEITE,Colher de sopa cháeia,25.0
PUDIM DE LEITE,Fatia grande,260.0
PUDIM DE LEITE,Fatia média,130.0
PUDIM DE LEITE,Fatia pequena,9.0
PURE DE BATATA,Concháa média rasa,140.0
PURE DE BATATA,Colher de arroz cháeia,80.0
PURE DE BATATA,Colher de sopa cháeia,25.0
PURE DE BATATA,Colher de sopa rasa,25.0
PURE DE INHAME,Colher de arroz cháeia,65.0
PURE DE INHAME,Colher de sopa cháeia,25.0
PURE DE INHAME,Colher de sopa rasa,20.0
QUEIJADINHA,Unidade grande,40.0
QUEIJADINHA,Unidade pequena,200.0
QUEIJO DESOJATOFU,Fatia média,280.0
QUEISO GORGONZOLA,Fatia grande,55.0
QUEISO GORGONZOLA,Fatia média,380.0
QUEISO GORGONZOLA,Fatia pequena,150.0
QUEISO GORGONZOLA,Peça Triangular,235.0
QUEISO GORGONZOLA,Tg,400.0
FRESCO,Fatia grande,40.0
FRESCO,Fatia pequena,20.0
FRESCO,Fatia média,300.0
FRESCO,Fatia,200.0
QUEIJO PARMESAO,Colher de sopa rasa,25.0
QUEIJO PARMESAO,Colher de sopa cháeia,25.0
QUEIJO PARMESAO,Colher de cháá rasa,5.0
QUEIJO POLENGUINHO,Unidade,200.0
QUEIJO PRATO,Fatia grande,200.0
QUIABO REFOGADO,Colher de sopa cháeia,25.0
QUIABO REFOGADO,Colher de sopa rasa,20.0
IQUIBE FRITO,Unidade média,50.0
IQUIBE FRITO,Unidade pequena,120.0
QUIBEBE,Colher de sopa cháeia,35.0
QUIBEBE,Colher de sopa rasa,20.0
QUINDIM,Unidade média,350.0
QUINDIM,Unidade pequena,200.0
RABADA,Pedaço grande,90.0
RABADA,Pedaço médio,40.0
RABADA,Pedaço pequeno,15.0
RAPADURA,Pedaço médio,55.0
RAPADURA,Pedaço pequeno,300.0
INDUSTR C AC,Copo duplo (240ml) (240ml),240.0
LARANJA C AC,Copo duplo (240ml) (240ml),240.0
LARANJA C AC,Copo pequeno (165ml),165.0
REPOLHO,Colher de arroz cháeia picado(a),25.0
REPOLHO,Colher de arroz rasa picado(a),20.0
REPOLHO,Cols Eh Picado,100.0
REPOLHO,Colher de sopa rasa picado(a),25.0
REPOLHO,Escumadeira média cháeia picado(a),25.0
REPOLHO,Escumadeira média rasa picado(a),15.0
REPOLHO,Folhag,400.0
REPOLHO,Folha média,30.0
REPOLHO,Folha pequena,200.0
REPOLHO COZIDO,Colher de arroz cháeia picado(a),45.0
REPOLHO COZIDO,Colher de arroz rasa picado(a),35.0
REPOLHO COZIDO,Colher de sopa cháeia picado(a),20.0
REPOLHO COZIDO,Colher de sopa rasa picado(a),12.0
REPOLHO COZIDO,Escumadeira média cháeia picado(a),45.0
REPOLHO COZIDO,Folhag,340.0
REPOLHO COZIDO,Folha média,26.0
REPOLHO COZIDO,Folha pequena,180.0
REPOLHO COZIDO,Folhap,180.0
REQUEIJAO,Colher de sopa rasa,15.0
REQUEIJAO,Gq/Cream Cracker,120.0
REQUEIJAO,Gq/Pão De Forma,130.0
REQUEIJAO,Gq/Pão Francês,35.0
REQUEIJAO,Gq/Torradacomercial,130.0
REQUEIJAO,Mq/Pão De Forma,80.0
REQUEIJAO,Mqipão Francês,22.0
REQUEIJAO,Mq/Torrada Com,80.0
REQUEIJAO,Pq/Cream Cracker,30.0
REQUEIJAO,Pq/Pão De Forma,5.0
REQUEIJAO,Pq/Pão Francês,14.0
REQUEIJAO,Pq/Torrada Com,5.0
RICOTA,Fatia grande,50.0
RICOTA,Fatia média,35.0
RISOLE,Unidade grande,70.0
RISOLE,Unidade média,35.0
RISOLE,Unidade pequena,12.0
RISOTO DE FRANGO,Colher de sopa cháeia,25.0
RISOTO DE FRANGO,Colher de sopa rasa,15.0
RISOTO DE FRANGO,Escumadeira média cháeia,85.0
C MAIONESE,Colher de sopa cháeia,25.0
FRADINHO,Colher de arroz cháeia,57.0
FRADINHO,Colher de arroz rasa,30.0
FRADINHO,Colher de sopa cháeia,32.0
FRADINHO,Colher de sopa rasa,20.0
FRADINHO,Escumadeira média cháeia,90.0
SALADA DE FRUTAS,Colher de sopa cháeia,25.0
SALADA DE FRUTAS,Copo duplo (240ml) (240ml),210.0
SALADA DE FRUTAS,Copo pequeno (165ml),150.0
SALADA DE FRUTAS,Colher de arroz cháeia,55.0
SALADA DE FRUTAS,Colher de arroz rasa,40.0
SALADA DE FRUTAS,Escumadeira média cháeia,90.0
SALADA DE FRUTAS,Lesc Mr,60.0
COM MAIONESE,Colher de arroz cháeia,70.0
COM MAIONESE,Colher de sopa cháeia,25.0
SALAME,Fatia média,200.0
SALAMINHO,Fatia média,50.0
SALAMINHO,Colher de arroz cháeia,40.0
SALAMINHO,Colher de arroz rasa,25.0
SALAMINHO,Colher de sopa rasa,20.0
SALAMINHO,Escumadeira média cháeia,50.0
SALAMINHO,Escumadeira média rasa,30.0
SALAMINHO,Prato de sobremesa,140.0
SALSICHA EM LATA,Unidade média,350.0
SANDUICHE DE FRANGO,Unidade média,1200.0
LATAP,Unidade média,330.0
LATAP,Unidade grande,40.0
LATAP,Unidade pequena,130.0
SIRI,Poá P,30.0
SIRI,Unidade pequena,160.0
SIRI,Pote,150.0
SIRI,Concháa média cháeia,130.0
SIRI,Concháa pequena cháeia,60.0
SIRI,Prato fundo,520.0
SIRI,Prato raso,325.0
IVCOM CARNE,Concháa média cháeia,130.0
IVCOM CARNE,Concháa pequena cháeia,60.0
IVCOM CARNE,Prato raso,325.0
BOLA G,Bola M,80.0
BOLA G,Colher de sopa cháeia,25.0
SORVETE ESKIBON,Unidade,48.0
CROCANTE E BAUNILHA,Unidade,710.0
SOYMILKE PO,Colher de sopa rasa,25.0
STROGONOFF DE CARNE,Concháa média cháeia,170.0
STROGONOFF DE CARNE,Colher de arroz cháeia,40.0
STROGONOFF DE CARNE,Colher de sopa cháeia,25.0
FRANGO,Concháa média cháeia,170.0
FRANGO,Colher de arroz cháeia,40.0
SUCO DE ABACAXI C AC,Copo duplo (240ml) (240ml),240.0
SUCO DE ABACAXI C AC,Copo pequeno (165ml),165.0
SUCO DE ACEROLA C AC,Copo duplo (240ml) (240ml),240.0
SUCO DE ACEROLA C AC,Copo pequeno (165ml),165.0
SUCO DE BETERRABA C AC,Copo duplo (240ml) (240ml),240.0
SUCO DE BETERRABA C AC,Copo pequeno (165ml),165.0
SUCO DE CUPUACU C AC,Copo duplo (240ml) (240ml),240.0
SUCO DE CUPUACU C AC,Copo pequeno (165ml),165.0
SUCO DE CUPUACU C AC,Copop Ch,165.0
SUCO DE LARANJA C AC,Copo duplo (240ml) (240ml),240.0
SUCO DE LARANJA C AC,Copo pequeno (165ml),165.0
BANANA C AC,Copo duplo (240ml) (240ml),240.0
BETERRABA C AC,Copo duplo (240ml) (240ml),240.0
E CENOURA,Copo duplo (240ml) (240ml),240.0
CENOURA C AC,Copo duplo (240ml) (240ml),240.0
CENOURA C AC,Copo pequeno (165ml),165.0
E BETERRABA C AC,Copo duplo (240ml) (240ml),240.0
E BETERRABA C AC,Copo pequeno (165ml),165.0
SUCO DE MAMAO C AC,Copo duplo (240ml) (240ml),240.0
SUCO DE MAMAO C AC,Copo pequeno (165ml),165.0
SUCO DE MANGA C AC,Copo duplo (240ml) (240ml),240.0
SUCO DE MANGA C AC,Copo pequeno (165ml),165.0
SUCO DE MARACUJA,Copo duplo (240ml) (240ml),240.0
SUCO DE MARACUJA,Copo pequeno (165ml),165.0
SUFLE DE LEGUMES,Colher de arroz cháeia,85.0
SUFLE DE LEGUMES,Colher de sopa cháeia,25.0
SUFLE DE QUEIJO,Pedaço grande,1200.0
SUFLE DE QUEIJO,Pedaço médio,90.0
SUFLE DE QUEIJO,Pedaço pequeno,700.0
SUSPIRO,Unidade grande,60.0
SUSPIRO,Unidade média,1060.0
SUSTAGEN,Colher de cháá cháeia,7.0
SUSTAGEN,Colher de cháá rasa,5.0
SUSTAGEN,Colher de sopa cháeia,18.0
SUSTAGEN,Colher de sopa rasa,25.0
TANGERINA,Gomo M,1060.0
TANGERINA,Unidade média,1350.0
TOMATE,Fatia média,20.0
TOMATE,Fatia fina,10.0
TOMATE,Fatia grossa,30.0
TOMATE,Unidade média,100.0
TOMATE,Unidade pequena,60.0
TOMATE,Unidade grande,150.0
TOMATE,Rodela média,15.0
TORTA DE LIMAO,Fatia grande,120.0
TORTA DE LIMAO,Fatia média,85.0
TORTA DE LIMAO,Fatia pequena,60.0
MCDONALD S,Unidade,85.0
MCDONALD S,Concháa média cháeia,190.0
MCDONALD S,Colher de arroz cháeia,85.0
MCDONALD S,Colher de arroz rasa,50.0
MCDONALD S,Colher de sopa cháeia,35.0
MCDONALD S,Escumadeira média cháeia,140.0
MCDONALD S,Prato raso,280.0
UISQUE,Dose,50.0
UVA PASSA,Colher de sopa cháeia,18.0
UVA PASSA,Colher de sopa rasa,25.0
UVA PASSA,Copo pequeno (165ml),1250.0
UVA PASSA,Punhado,240.0
UVA PASSA,Unidade,3.0
VAGEM COZIDA,Colher de sopa cháeia,20.0
VAGEM COZIDA,Colher de sopa rasa,15.0
VAGEM REFOGADA,Colher de arroz cháeia,73.0
VAGEM REFOGADA,Colher de arroz rasa,45.0
VAGEM REFOGADA,Colher de sopa cháeia,35.0
VAGEM REFOGADA,Colher de sopa rasa,15.0
VINHO,Copo duplo (240ml) (240ml),240.0
VINHO,Copo pequeno (165ml),165.0
VINHO,Caneca,300.0
VINHO,Unidade,80.0
ARROZ COZIDO,Colher de sopa cheia,25.0
ARROZ COZIDO,Colher de sopa rasa,15.0
ARROZ COZIDO,Colher de arroz cheia,45.0
ARROZ COZIDO,Colher de arroz rasa,30.0
ARROZ COZIDO,Escumadeira média cheia,85.0
ARROZ COZIDO,Escumadeira média rasa,60.0
ARROZ COZIDO,1/2 Concha média,60.0
ARROZ COZIDO,Concha média cheia,100.0
ARROZ COZIDO,Prato raso,250.0
ARROZ BRANCO COZIDO,Colher de sopa cheia,25.0
ARROZ BRANCO COZIDO,Colher de sopa rasa,15.0
ARROZ BRANCO COZIDO,Colher de arroz cheia,45.0
ARROZ BRANCO COZIDO,Colher de arroz rasa,30.0
ARROZ BRANCO COZIDO,Escumadeira média cheia,85.0
ARROZ BRANCO COZIDO,Escumadeira média rasa,60.0
ARROZ BRANCO COZIDO,1/2 Concha média,60.0
ARROZ BRANCO COZIDO,Concha média cheia,100.0
ARROZ BRANCO COZIDO,Prato raso,250.0
FEIJAO COZIDO,Concha média cheia,140.0
FEIJAO COZIDO,Concha média rasa,85.0
FEIJAO COZIDO,Concha pequena cheia,90.0
FEIJAO COZIDO,Colher de sopa cheia,25.0
FEIJAO COZIDO,Colher de sopa rasa,16.0
FEIJAO CARIOCA COZIDO,Concha média cheia,140.0
FEIJAO CARIOCA COZIDO,Concha média rasa,85.0
FEIJAO CARIOCA COZIDO,Concha pequena cheia,90.0
FEIJAO CARIOCA COZIDO,Colher de sopa cheia,25.0
FEIJAO CARIOCA COZIDO,Colher de sopa rasa,16.0
FEIJAO PRETO COZIDO,Concha média cheia,140.0
FEIJAO PRETO COZIDO,Concha média rasa,85.0
FEIJAO PRETO COZIDO,Concha pequena cheia,90.0
FEIJAO PRETO COZIDO,Colher de sopa cheia,25.0
FEIJAO PRETO COZIDO,Colher de sopa rasa,16.0
PATINHO MOIDO,Colher de sopa cheia,30.0
PATINHO MOIDO,Colher de sopa rasa,20.0
PATINHO MOIDO,Colher de arroz cheia,50.0
PATINHO MOIDO,Porção média,100.0
PATINHO MOIDO,Porção grande,150.0
